{
    "eval_exact_match": 0.8475877192982456,
    "eval_loss": 0.1731877624988556,
    "eval_runtime": 696.0301,
    "eval_samples": 912,
    "eval_samples_per_second": 1.31
}